Patient ID	Sample ID	Cancer Type Detailed	Number of Samples Per Patient	Mutation Count	Fraction Genome Altered	Diagnosis Age	Sex	Ethnicity Category	Race Category	Sample Type	Tumor Site	Adjuvant Postoperative Targeted Therapy Administered Indicator	Age of Food Allergy	Animal Insect Allergy Age	Animal Insect Allergy History	Asthma History	Days to initial score performance status scale	Days to Sample Collection.	Did patient start adjuvant postoperative radiotherapy?
TCGA-DU-5847	TCGA-DU-5847-01	Anaplastic Astrocytoma	1	33	0.1966	34	Female	NOT HISPANIC OR LATINO	WHITE	Primary	Supratentorial, Frontal Lobe				NO	NO			
TCGA-DU-5849	TCGA-DU-5849-01	Oligodendroglioma	1	25	0.1046	48	Male	NOT HISPANIC OR LATINO	WHITE	Primary	Supratentorial, Frontal Lobe								
TCGA-DU-5852	TCGA-DU-5852-01	Oligoastrocytoma	1	57	0.1319	61	Female	NOT HISPANIC OR LATINO	WHITE	Primary	Supratentorial, Temporal Lobe						11		
TCGA-DU-5854	TCGA-DU-5854-01	Anaplastic Astrocytoma	1	37	0.1652	57	Female	NOT HISPANIC OR LATINO	WHITE	Primary	Supratentorial, Frontal Lobe						19		
TCGA-DU-5855	TCGA-DU-5855-01	Oligoastrocytoma	1	34	0.1019	49	Female	NOT HISPANIC OR LATINO	WHITE	Primary	Supratentorial, Frontal Lobe						19		
TCGA-DU-5870	TCGA-DU-5870-01	Oligodendroglioma	2	13	0.0879	34	Female	NOT HISPANIC OR LATINO	WHITE	Primary	Supratentorial, Temporal Lobe						4445		
TCGA-DU-5871	TCGA-DU-5871-01	Oligoastrocytoma	1	22	0.1054	37	Female	NOT HISPANIC OR LATINO	WHITE	Primary	Supratentorial, Frontal Lobe						-6		
TCGA-DU-5872	TCGA-DU-5872-01	Oligoastrocytoma	2	24	0.0911	43	Female	NOT HISPANIC OR LATINO	BLACK OR AFRICAN AMERICAN	Primary	Supratentorial, Frontal Lobe								
TCGA-DU-5874	TCGA-DU-5874-01	Oligodendroglioma	1	33	0.0663	62	Female	NOT HISPANIC OR LATINO	WHITE	Primary	Supratentorial, Frontal Lobe						380		
TCGA-DU-6395	TCGA-DU-6395-01	Oligoastrocytoma	1	19	0.0958	31	Male	NOT HISPANIC OR LATINO	WHITE	Primary	Supratentorial, Frontal Lobe								
TCGA-DU-6396	TCGA-DU-6396-01	Oligoastrocytoma	1	33	0.1097	31	Female	NOT HISPANIC OR LATINO	WHITE	Primary	Supratentorial, Frontal Lobe						19		
TCGA-DU-6399	TCGA-DU-6399-01	Oligodendroglioma	1	39	0.1031	54	Male	NOT HISPANIC OR LATINO	WHITE	Primary	Supratentorial, Temporal Lobe								
TCGA-DU-6400	TCGA-DU-6400-01	Oligodendroglioma	1	40	0.0840	66	Female	NOT HISPANIC OR LATINO	WHITE	Primary	Supratentorial, Temporal Lobe								
TCGA-DU-6401	TCGA-DU-6401-01	Oligodendroglioma	1	19	0.1286	31	Female	NOT HISPANIC OR LATINO	WHITE	Primary	Supratentorial, Frontal Lobe								
TCGA-DU-6402	TCGA-DU-6402-01	Anaplastic Astrocytoma	1	35	0.1577	52	Male	NOT HISPANIC OR LATINO	WHITE	Primary	Supratentorial, Frontal Lobe								
TCGA-DU-6403	TCGA-DU-6403-01	Oligoastrocytoma	1	49	0.1223	60	Female	NOT HISPANIC OR LATINO	WHITE	Primary	Supratentorial, Temporal Lobe						207		
TCGA-DU-6405	TCGA-DU-6405-01	Anaplastic Astrocytoma	1	47	0.1372	51	Female	NOT HISPANIC OR LATINO	WHITE	Primary	Supratentorial, Frontal Lobe						515		
TCGA-DU-6407	TCGA-DU-6407-01	Oligodendroglioma	2	17	0.1798	35	Female	NOT HISPANIC OR LATINO	WHITE	Primary							2451		
TCGA-FG-5963	TCGA-FG-5963-01	Anaplastic Astrocytoma	2	24	0.1311	23	Male	NOT HISPANIC OR LATINO	WHITE	Primary	Supratentorial, Frontal Lobe			12 - 20 Years	YES	NO	0		
TCGA-FG-5964	TCGA-FG-5964-01	Oligodendroglioma	1	30	0.1760	62	Male	NOT HISPANIC OR LATINO	WHITE	Primary	Supratentorial, Parietal Lobe		> 20 Years		NO	NO			
TCGA-CS-5397	TCGA-CS-5397-01	Anaplastic Astrocytoma	1	30	0.2628	54	Female	NOT HISPANIC OR LATINO	WHITE	Primary	Supratentorial, Temporal Lobe				NO	NO	-1		
TCGA-CS-6188	TCGA-CS-6188-01	Anaplastic Astrocytoma	1	30	0.1406	48	Male	NOT HISPANIC OR LATINO	WHITE	Primary	Supratentorial, Temporal Lobe				NO	NO	-1		
TCGA-CS-6665	TCGA-CS-6665-01	Anaplastic Astrocytoma	1	58	0.1319	51	Female	NOT HISPANIC OR LATINO	WHITE	Primary	Supratentorial, Temporal Lobe				NO	NO	-1		
TCGA-CS-6666	TCGA-CS-6666-01	Anaplastic Astrocytoma	1	26	0.1644	22	Male	NOT HISPANIC OR LATINO	WHITE	Primary	Supratentorial, Parietal Lobe				NO	NO	-1		
TCGA-CS-6668	TCGA-CS-6668-01	Oligodendroglioma	1	18	0.1067	57	Female	NOT HISPANIC OR LATINO	WHITE	Primary	Supratentorial, Frontal Lobe				NO	NO	-1		
TCGA-DU-5851	TCGA-DU-5851-01	Oligoastrocytoma	1	19	0.0543	40	Female	NOT HISPANIC OR LATINO	WHITE	Primary	Supratentorial, Temporal Lobe						17		
TCGA-DU-5853	TCGA-DU-5853-01	Oligoastrocytoma	1	14	0.0961	29	Male	NOT HISPANIC OR LATINO	WHITE	Primary	Supratentorial, Frontal Lobe						18		
TCGA-DU-6542	TCGA-DU-6542-01	Oligoastrocytoma	1	18	0.1302	25	Male	NOT HISPANIC OR LATINO	WHITE	Primary	Supratentorial, Temporal Lobe								
TCGA-E1-5305	TCGA-E1-5305-01	Anaplastic Astrocytoma	1	24	0.1584	34	Male	NOT HISPANIC OR LATINO	WHITE	Primary	Supratentorial, Frontal Lobe					YES	89		
TCGA-E1-5307	TCGA-E1-5307-01	Anaplastic Astrocytoma	1	53	0.1535	62	Female	NOT HISPANIC OR LATINO	WHITE	Primary	Supratentorial, Temporal Lobe					NO	95		
TCGA-E1-5319	TCGA-E1-5319-01	Oligodendroglioma	1	29	0.0606	48	Female	NOT HISPANIC OR LATINO	WHITE	Primary	Supratentorial, Frontal Lobe					NO	936		
TCGA-FG-5965	TCGA-FG-5965-01	Oligoastrocytoma	2	34	0.0819	39	Female	NOT HISPANIC OR LATINO	WHITE	Primary	Supratentorial, Frontal Lobe				NO	NO	259		
TCGA-FG-6688	TCGA-FG-6688-01	Anaplastic Astrocytoma	1	52	0.1371	59	Female	NOT HISPANIC OR LATINO	BLACK OR AFRICAN AMERICAN	Primary	Supratentorial, Parietal Lobe				NO	NO	60		
TCGA-FG-6690	TCGA-FG-6690-01	Oligodendroglioma	1	23	0.0377	70	Male	NOT HISPANIC OR LATINO	WHITE	Primary	Supratentorial, Frontal Lobe				NO	NO	-23		
TCGA-CS-6186	TCGA-CS-6186-01	Oligoastrocytoma	1	44	0.1518	58	Male	NOT HISPANIC OR LATINO	WHITE	Primary	Supratentorial, Frontal Lobe				NO	NO	-1		
TCGA-DU-7006	TCGA-DU-7006-01	Anaplastic Astrocytoma	1	50	0.2019	60	Female	NOT HISPANIC OR LATINO	WHITE	Primary	Supratentorial, Temporal Lobe								
TCGA-DU-7008	TCGA-DU-7008-01	Oligodendroglioma	1	22	0.0847	41	Female	NOT HISPANIC OR LATINO	WHITE	Primary	Supratentorial, Frontal Lobe								
TCGA-DU-7009	TCGA-DU-7009-01	Oligodendroglioma	1	13	0.0930	32	Female	NOT HISPANIC OR LATINO	WHITE	Primary	Supratentorial, Frontal Lobe								
TCGA-DU-7010	TCGA-DU-7010-01	Anaplastic Astrocytoma	1	83	0.4690	58	Female	NOT HISPANIC OR LATINO	WHITE	Primary	Supratentorial, Frontal Lobe								
TCGA-DU-7012	TCGA-DU-7012-01	Anaplastic Astrocytoma	1	39	0.1997	74	Female	NOT HISPANIC OR LATINO	BLACK OR AFRICAN AMERICAN	Primary	Supratentorial, Temporal Lobe								
TCGA-DU-7013	TCGA-DU-7013-01	Anaplastic Astrocytoma	1	29	0.2122	59	Male	NOT HISPANIC OR LATINO	WHITE	Primary	Supratentorial, Temporal Lobe						11		
TCGA-DU-7015	TCGA-DU-7015-01	Oligodendroglioma	1	27	0.1195	41	Female	NOT HISPANIC OR LATINO	WHITE	Primary	Supratentorial, Temporal Lobe						14		
TCGA-DU-7019	TCGA-DU-7019-01	Oligoastrocytoma	1	22	0.0491	39	Male	NOT HISPANIC OR LATINO	WHITE	Primary	Supratentorial, Temporal Lobe						21		
TCGA-DU-7290	TCGA-DU-7290-01	Anaplastic Astrocytoma	1	29	0.2006	45	Female	NOT HISPANIC OR LATINO	WHITE	Primary	Supratentorial, Temporal Lobe								
TCGA-DU-7292	TCGA-DU-7292-01	Anaplastic Astrocytoma	1	34	0.1216	69	Male	NOT HISPANIC OR LATINO	WHITE	Primary	Supratentorial, Temporal Lobe					YES			
TCGA-DU-7294	TCGA-DU-7294-01	Oligodendroglioma	1	19	0.1159	53	Female	NOT HISPANIC OR LATINO	WHITE	Primary	Supratentorial, Frontal Lobe						793		
TCGA-DU-7298	TCGA-DU-7298-01	Anaplastic Astrocytoma	1	28	0.2009	38	Female	NOT HISPANIC OR LATINO	BLACK OR AFRICAN AMERICAN	Primary	Supratentorial, Temporal Lobe						-2		
TCGA-EZ-7264	TCGA-EZ-7264-01	Oligodendroglioma	1	21	0.1683	47	Female	NOT HISPANIC OR LATINO	WHITE	Primary	Supratentorial, Frontal Lobe				NO	NO			
TCGA-HT-7467	TCGA-HT-7467-01	Oligodendroglioma	1	24	0.0517	54	Male	NOT HISPANIC OR LATINO	WHITE	Primary	Supratentorial, Parietal Lobe				NO	NO			
TCGA-HT-7472	TCGA-HT-7472-01	Oligodendroglioma	1	15	0.0189	38	Male	NOT HISPANIC OR LATINO	WHITE	Primary	Supratentorial, Frontal Lobe				NO	NO			
TCGA-HT-7473	TCGA-HT-7473-01	Oligoastrocytoma	1	13	0.1414	28	Male	HISPANIC OR LATINO	WHITE	Primary	Supratentorial, Temporal Lobe				NO	NO			
TCGA-HT-7474	TCGA-HT-7474-01	Oligoastrocytoma	1	15	0.0536	52	Male	NOT HISPANIC OR LATINO	WHITE	Primary	Supratentorial, Frontal Lobe				NO	NO			
TCGA-HT-7475	TCGA-HT-7475-01	Oligoastrocytoma	1	39	0.1846	67	Male	NOT HISPANIC OR LATINO	WHITE	Primary	Supratentorial, Frontal Lobe				NO	NO			
TCGA-HT-7479	TCGA-HT-7479-01	Anaplastic Astrocytoma	1	17	0.0652	44	Male	NOT HISPANIC OR LATINO	WHITE	Primary	Supratentorial, Frontal Lobe				NO	NO			
TCGA-HT-7481	TCGA-HT-7481-01	Oligodendroglioma	1	27	0.0517	39	Male	NOT HISPANIC OR LATINO	WHITE	Primary	Supratentorial, Frontal Lobe				NO	NO			
TCGA-HT-7482	TCGA-HT-7482-01	Oligoastrocytoma	1	13	0.1117	18	Female	NOT HISPANIC OR LATINO	WHITE	Primary	Supratentorial, Frontal Lobe				NO	NO			
TCGA-HT-7483	TCGA-HT-7483-01	Oligoastrocytoma	1	13	0.0426	14	Male	NOT HISPANIC OR LATINO	WHITE	Primary	Supratentorial, Frontal Lobe				NO	NO			
TCGA-HW-7486	TCGA-HW-7486-01	Oligodendroglioma	1	7	0.0510	37	Male	NOT HISPANIC OR LATINO	WHITE	Primary	Supratentorial, Frontal Lobe								
TCGA-HW-7487	TCGA-HW-7487-01	Oligodendroglioma	1	13	0.0512	39	Male	NOT HISPANIC OR LATINO	WHITE	Primary	Supratentorial, Frontal Lobe								
TCGA-HW-7489	TCGA-HW-7489-01	Oligoastrocytoma	1	12	0.0552	38	Male	NOT HISPANIC OR LATINO	WHITE	Primary	Supratentorial, Frontal Lobe								
TCGA-HW-7491	TCGA-HW-7491-01	Oligodendroglioma	1	12	0.1763	35	Male		WHITE	Primary	Supratentorial, Frontal Lobe								
TCGA-HW-7495	TCGA-HW-7495-01	Oligodendroglioma	1	12	0.0784	45	Female	NOT HISPANIC OR LATINO	WHITE	Primary	Supratentorial, Frontal Lobe								
TCGA-DU-7301	TCGA-DU-7301-01	Oligodendroglioma	1	23	0.1108	53	Male	NOT HISPANIC OR LATINO	WHITE	Primary	Supratentorial, Temporal Lobe						14		
TCGA-DU-7304	TCGA-DU-7304-01	Oligoastrocytoma	2	23	0.1130	43	Male	NOT HISPANIC OR LATINO	WHITE	Primary	Supratentorial, Frontal Lobe						8		
TCGA-DU-7306	TCGA-DU-7306-01	Oligoastrocytoma	1	45	0.1030	67	Male	NOT HISPANIC OR LATINO	WHITE	Primary	Supratentorial, Temporal Lobe						-11		
TCGA-FG-7634	TCGA-FG-7634-01	Oligodendroglioma	1	15	0.3352	28	Male	NOT HISPANIC OR LATINO	WHITE	Primary	Supratentorial, Frontal Lobe				NO	NO			
TCGA-FG-7636	TCGA-FG-7636-01	Anaplastic Astrocytoma	1	34	0.1064	48	Male	NOT HISPANIC OR LATINO	WHITE	Primary	Supratentorial, Frontal Lobe				NO	NO	-7		
TCGA-FG-7643	TCGA-FG-7643-01	Oligoastrocytoma	1	39	0.0765	49	Female	NOT HISPANIC OR LATINO	WHITE	Primary	Supratentorial, Frontal Lobe			> 20 Years	YES	NO			
TCGA-HT-7480	TCGA-HT-7480-01	Oligodendroglioma	1	19	0.0788	33	Male	NOT HISPANIC OR LATINO	WHITE	Primary	Supratentorial, Frontal Lobe				NO	NO			
TCGA-HT-7601	TCGA-HT-7601-01	Anaplastic Astrocytoma	1	15	0.0453	30	Female	NOT HISPANIC OR LATINO	WHITE	Primary	Supratentorial, Frontal Lobe				NO	NO			
TCGA-HT-7602	TCGA-HT-7602-01	Oligodendroglioma	1	9	0.0007	21	Male	NOT HISPANIC OR LATINO	WHITE	Primary	Supratentorial, Frontal Lobe				NO	NO			
TCGA-HT-7603	TCGA-HT-7603-01	Oligodendroglioma	1	23	0.0381	29	Male	NOT HISPANIC OR LATINO	WHITE	Primary	Supratentorial, Frontal Lobe				NO	NO			
TCGA-HT-7605	TCGA-HT-7605-01	Oligodendroglioma	1	19	0.0517	38	Male	NOT HISPANIC OR LATINO	WHITE	Primary	Supratentorial, Frontal Lobe				NO	NO			
TCGA-HT-7608	TCGA-HT-7608-01	Oligoastrocytoma	1	14	0.0516	61	Male	NOT HISPANIC OR LATINO	BLACK OR AFRICAN AMERICAN	Primary	Supratentorial, Temporal Lobe				NO	NO			
TCGA-HT-7609	TCGA-HT-7609-01	Oligoastrocytoma	1	21	0.0189	34	Male	NOT HISPANIC OR LATINO	WHITE	Primary	Supratentorial, Frontal Lobe				NO	YES	1		
TCGA-HT-7610	TCGA-HT-7610-01	Oligoastrocytoma	1	12	0.0403	25	Female	NOT HISPANIC OR LATINO	WHITE	Primary	Supratentorial, Temporal Lobe				NO	NO			
TCGA-IK-7675	TCGA-IK-7675-01	Oligodendroglioma	1	37	0.1692	43	Male	HISPANIC OR LATINO	WHITE	Primary	Supratentorial, Frontal Lobe					NO	48		
TCGA-DU-8158	TCGA-DU-8158-01	Anaplastic Astrocytoma	1	33	0.4141	57	Female	NOT HISPANIC OR LATINO	WHITE	Primary	Supratentorial, Frontal Lobe						8		
TCGA-DU-8161	TCGA-DU-8161-01	Oligoastrocytoma	1	33	0.2640	63	Female	NOT HISPANIC OR LATINO	WHITE	Primary	Supratentorial, Not Otherwise Specified						14		
TCGA-DU-8162	TCGA-DU-8162-01	Oligoastrocytoma	1	18	0.0095	61	Female	NOT HISPANIC OR LATINO	WHITE	Primary	Supratentorial, Temporal Lobe						21		
TCGA-DU-8163	TCGA-DU-8163-01	Oligoastrocytoma	1	12	0.0544	29	Male	NOT HISPANIC OR LATINO	WHITE	Primary	Supratentorial, Temporal Lobe						106		
TCGA-DU-8164	TCGA-DU-8164-01	Oligodendroglioma	1	27	0.0527	51	Male	NOT HISPANIC OR LATINO	WHITE	Primary	Supratentorial, Frontal Lobe								
TCGA-DU-8165	TCGA-DU-8165-01	Oligodendroglioma	1	56	0.4042	60	Female	NOT HISPANIC OR LATINO	WHITE	Primary	Supratentorial, Temporal Lobe						11		
TCGA-DU-8166	TCGA-DU-8166-01	Oligoastrocytoma	1	24	0.0704	29	Female	NOT HISPANIC OR LATINO	WHITE	Primary	Supratentorial, Frontal Lobe								
TCGA-DU-8167	TCGA-DU-8167-01	Oligoastrocytoma	1	39	0.1821	69	Female	NOT HISPANIC OR LATINO	WHITE	Primary	Supratentorial, Frontal Lobe						-69		
TCGA-FG-7641	TCGA-FG-7641-01	Oligodendroglioma	1	23	0.0849	31	Male	NOT HISPANIC OR LATINO	WHITE	Primary	Supratentorial, Frontal Lobe				NO	NO			
TCGA-FG-8182	TCGA-FG-8182-01	Oligodendroglioma	1	22	0.0195	35	Male	NOT HISPANIC OR LATINO	WHITE	Primary	Supratentorial, Frontal Lobe				NO	NO			
TCGA-FG-8185	TCGA-FG-8185-01	Anaplastic Astrocytoma	1	29	0.0540	37	Male	NOT HISPANIC OR LATINO	WHITE	Primary	Supratentorial, Frontal Lobe		> 20 Years		NO	NO	21		
TCGA-FG-8186	TCGA-FG-8186-01	Oligoastrocytoma	1	21	0.0749	42	Female	HISPANIC OR LATINO	WHITE	Primary	Supratentorial, Frontal Lobe				NO	NO	13		
TCGA-FG-8187	TCGA-FG-8187-01	Oligoastrocytoma	1	8	0.0511	31	Male	NOT HISPANIC OR LATINO	WHITE	Primary	Supratentorial, Frontal Lobe						0		
TCGA-FG-8188	TCGA-FG-8188-01	Oligoastrocytoma	1	23	0.0603	41	Male	NOT HISPANIC OR LATINO	WHITE	Primary	Supratentorial, Temporal Lobe				NO	NO	-15		
TCGA-HT-7684	TCGA-HT-7684-01	Oligoastrocytoma	1	28	0.0461	58	Male	NOT HISPANIC OR LATINO	WHITE	Primary	Supratentorial, Frontal Lobe				NO	NO			
TCGA-HT-7686	TCGA-HT-7686-01	Anaplastic Astrocytoma	1	15	0.0978	29	Female	NOT HISPANIC OR LATINO	WHITE	Primary	Supratentorial, Parietal Lobe				NO	NO			
TCGA-HT-7689	TCGA-HT-7689-01	Oligodendroglioma	1	40	0.1254	58	Female	NOT HISPANIC OR LATINO	WHITE	Primary	Supratentorial, Frontal Lobe				NO	NO	8		
TCGA-HT-7690	TCGA-HT-7690-01	Oligoastrocytoma	1	16	0.1136	29	Male	NOT HISPANIC OR LATINO	WHITE	Primary	Supratentorial, Frontal Lobe				NO	NO			
TCGA-HT-7692	TCGA-HT-7692-01	Oligoastrocytoma	1	16	0.0787	43	Male	NOT HISPANIC OR LATINO	WHITE	Primary	Supratentorial, Frontal Lobe				NO	NO	29		
TCGA-HT-7693	TCGA-HT-7693-01	Oligodendroglioma	1	24	0.0953	51	Female	NOT HISPANIC OR LATINO	WHITE	Primary	Supratentorial, Frontal Lobe				NO	YES	200		
TCGA-HT-7695	TCGA-HT-7695-01	Oligodendroglioma	1	14	0.0510	29	Female	NOT HISPANIC OR LATINO	WHITE	Primary	Supratentorial, Frontal Lobe				NO	NO			
TCGA-IK-8125	TCGA-IK-8125-01	Oligoastrocytoma	1	43	0.0562	62	Male	NOT HISPANIC OR LATINO	WHITE	Primary	Supratentorial, Frontal Lobe					NO	42		
TCGA-HT-7611	TCGA-HT-7611-01	Oligoastrocytoma	1	25	0.0487	36	Male	NOT HISPANIC OR LATINO	WHITE	Primary	Supratentorial, Frontal Lobe	NO			NO	NO			NO
TCGA-HT-7676	TCGA-HT-7676-01	Oligodendroglioma	1	12	0.0255	26	Male	NOT HISPANIC OR LATINO	WHITE	Primary	Supratentorial, Frontal Lobe								
TCGA-HT-7681	TCGA-HT-7681-01	Oligoastrocytoma	1	11	0.0612	29	Female	NOT HISPANIC OR LATINO	WHITE	Primary	Supratentorial, Frontal Lobe	NO							NO
TCGA-HT-7855	TCGA-HT-7855-01	Anaplastic Astrocytoma	1	30	0.0802	39	Male	NOT HISPANIC OR LATINO	WHITE	Primary	Supratentorial, Parietal Lobe				NO	NO			
TCGA-HT-7857	TCGA-HT-7857-01	Anaplastic Astrocytoma	1	13	0.0468	24	Female	NOT HISPANIC OR LATINO	WHITE	Primary	Supratentorial, Not Otherwise Specified				NO	NO			
TCGA-HT-7860	TCGA-HT-7860-01	Anaplastic Astrocytoma	1	60	0.1713	60	Female	NOT HISPANIC OR LATINO	WHITE	Primary	Supratentorial, Frontal Lobe				NO	NO			
TCGA-HT-7873	TCGA-HT-7873-01	Oligoastrocytoma	1	20	0.1210	29	Male	NOT HISPANIC OR LATINO	WHITE	Primary	Supratentorial, Frontal Lobe				NO	NO			
TCGA-HT-7875	TCGA-HT-7875-01	Oligodendroglioma	1	27	0.0567	56	Male	NOT HISPANIC OR LATINO	WHITE	Primary	Supratentorial, Frontal Lobe				NO	NO	0		
TCGA-HT-7877	TCGA-HT-7877-01	Oligodendroglioma	1	9	0.0510	20	Female	NOT HISPANIC OR LATINO	WHITE	Primary	Supratentorial, Frontal Lobe				NO	NO			
TCGA-HT-7879	TCGA-HT-7879-01	Oligoastrocytoma	1	14	0.0825	31	Male	NOT HISPANIC OR LATINO	WHITE	Primary	Supratentorial, Temporal Lobe				NO	NO			
TCGA-HT-7880	TCGA-HT-7880-01	Oligoastrocytoma	1	6	0.0000	30	Male	NOT HISPANIC OR LATINO	WHITE	Primary	Supratentorial, Parietal Lobe				NO	NO			
TCGA-HT-7881	TCGA-HT-7881-01	Oligodendroglioma	1	10	0.0626	38	Male	NOT HISPANIC OR LATINO	BLACK OR AFRICAN AMERICAN	Primary	Supratentorial, Temporal Lobe				NO	NO			
TCGA-HT-7902	TCGA-HT-7902-01	Oligoastrocytoma	1	17	0.0345	30	Female	NOT HISPANIC OR LATINO	WHITE	Primary	Supratentorial, Frontal Lobe				NO	YES			
TCGA-HT-8010	TCGA-HT-8010-01	Oligodendroglioma	1	10	0.0612	64	Female	HISPANIC OR LATINO	WHITE	Primary	Supratentorial, Frontal Lobe				NO	NO			
TCGA-HT-8011	TCGA-HT-8011-01	Anaplastic Astrocytoma	1	38	0.1820	55	Male	NOT HISPANIC OR LATINO	WHITE	Primary	Supratentorial, Temporal Lobe				NO	NO			
TCGA-HT-8012	TCGA-HT-8012-01	Oligodendroglioma	1	15	0.0788	30	Female	NOT HISPANIC OR LATINO	WHITE	Primary	Supratentorial, Temporal Lobe				NO	NO			
TCGA-HT-8013	TCGA-HT-8013-01	Oligoastrocytoma	1	25	0.1252	37	Female	NOT HISPANIC OR LATINO	WHITE	Primary	Supratentorial, Frontal Lobe				NO	NO			
TCGA-HT-8018	TCGA-HT-8018-01	Oligoastrocytoma	1	14	0.0132	40	Female	NOT HISPANIC OR LATINO	WHITE	Primary	Supratentorial, Temporal Lobe				NO	NO			
TCGA-HT-8104	TCGA-HT-8104-01	Anaplastic Astrocytoma	1	49	0.1899	51	Female	NOT HISPANIC OR LATINO	WHITE	Primary	Supratentorial, Frontal Lobe				NO	NO			
TCGA-HT-8106	TCGA-HT-8106-01	Anaplastic Astrocytoma	1	23	0.0001	53	Male	NOT HISPANIC OR LATINO	WHITE	Primary	Supratentorial, Frontal Lobe				NO	NO			
TCGA-HT-8110	TCGA-HT-8110-01	Anaplastic Astrocytoma	1	24	0.1396	57	Male	NOT HISPANIC OR LATINO	WHITE	Primary	Supratentorial, Parietal Lobe				NO	NO			
TCGA-HT-8111	TCGA-HT-8111-01	Oligoastrocytoma	1	8	0.0355	32	Male	NOT HISPANIC OR LATINO	WHITE	Primary	Supratentorial, Frontal Lobe				NO	NO			
TCGA-HT-8113	TCGA-HT-8113-01	Oligodendroglioma	1	16	0.0002	49	Female	NOT HISPANIC OR LATINO	BLACK OR AFRICAN AMERICAN	Primary	Supratentorial, Frontal Lobe				NO	YES			
TCGA-HT-8114	TCGA-HT-8114-01	Oligoastrocytoma	1	13	0.0541	36	Male	NOT HISPANIC OR LATINO	WHITE	Primary	Supratentorial, Parietal Lobe				NO	NO			
TCGA-HT-8564	TCGA-HT-8564-01	Anaplastic Astrocytoma	1	411	0.3543	47	Male	HISPANIC OR LATINO	WHITE	Primary	Supratentorial, Temporal Lobe	YES			NO	NO			YES
TCGA-HW-8319	TCGA-HW-8319-01	Anaplastic Astrocytoma	1	26	0.0891	34	Female	NOT HISPANIC OR LATINO	WHITE	Primary	Supratentorial, Frontal Lobe	YES							YES
TCGA-HW-8320	TCGA-HW-8320-01	Anaplastic Astrocytoma	1	18	0.0124	36	Male	NOT HISPANIC OR LATINO	WHITE	Primary	Supratentorial, Parietal Lobe	YES							YES
TCGA-HW-8322	TCGA-HW-8322-01	Oligodendroglioma	1	18	0.0953	39	Male	NOT HISPANIC OR LATINO	WHITE	Primary	Supratentorial, Frontal Lobe	NO							NO
TCGA-DB-A4X9	TCGA-DB-A4X9-01	Oligoastrocytoma	1	23	0.0957	33	Female	NOT HISPANIC OR LATINO	WHITE	Primary	Supratentorial, Temporal Lobe	NO				NO		832	NO
TCGA-DB-A4XA	TCGA-DB-A4XA-01	Oligoastrocytoma	1	8	0.0516	30	Male	NOT HISPANIC OR LATINO	WHITE	Primary	Supratentorial, Parietal Lobe	NO			NO	NO		224	YES
TCGA-DB-A4XB	TCGA-DB-A4XB-01	Anaplastic Astrocytoma	1	25	0.0512	38	Male	NOT HISPANIC OR LATINO	WHITE	Primary	Supratentorial, Parietal Lobe	YES				NO		372	YES
TCGA-DB-A4XC	TCGA-DB-A4XC-01	Oligoastrocytoma	1	15	0.0225	26	Male	NOT HISPANIC OR LATINO	WHITE	Primary	Supratentorial, Temporal Lobe	NO				NO		849	YES
TCGA-FG-A4MT	TCGA-FG-A4MT-01	Oligodendroglioma	2	17	0.0670	27	Female	NOT HISPANIC OR LATINO	WHITE	Primary	Supratentorial, Temporal Lobe	NO			NO	NO	499	661	NO
TCGA-FG-A4MW	TCGA-FG-A4MW-01	Oligoastrocytoma	1	54	0.1680	63	Male	NOT HISPANIC OR LATINO	WHITE	Primary	Supratentorial, Frontal Lobe	YES			NO	YES	141	64	YES
TCGA-FG-A4MY	TCGA-FG-A4MY-01	Oligoastrocytoma	1	23	0.2247	44	Female	HISPANIC OR LATINO	WHITE	Primary	Supratentorial, Parietal Lobe	NO			NO	NO		212	YES
TCGA-DB-A4XD	TCGA-DB-A4XD-01	Anaplastic Astrocytoma	1	28	0.0465	32	Male	NOT HISPANIC OR LATINO	WHITE	Primary	Supratentorial, Temporal Lobe	YES				NO		719	YES
TCGA-DB-A4XE	TCGA-DB-A4XE-01	Oligoastrocytoma	1	21	0.2011	27	Female	NOT HISPANIC OR LATINO	WHITE	Primary	Supratentorial, Temporal Lobe	NO			NO	NO	294	635	YES
TCGA-DB-A4XF	TCGA-DB-A4XF-01	Anaplastic Astrocytoma	1	18	0.0549	41	Female	NOT HISPANIC OR LATINO	WHITE	Primary	Supratentorial, Frontal Lobe	YES				NO		456	YES
TCGA-DB-A4XH	TCGA-DB-A4XH-01	Oligoastrocytoma	1	30	0.0859	53	Female	NOT HISPANIC OR LATINO	WHITE	Primary	Supratentorial, Frontal Lobe	NO				NO		397	NO
TCGA-HW-A5KK	TCGA-HW-A5KK-01	Anaplastic Astrocytoma	1	26	0.1369	64	Male		WHITE	Primary	Supratentorial, Temporal Lobe	YES						171	YES
TCGA-P5-A5ET	TCGA-P5-A5ET-01	Oligodendroglioma	1	21	0.0519	27	Male	NOT HISPANIC OR LATINO	WHITE	Primary	Supratentorial, Frontal Lobe				NO	NO		98	
TCGA-P5-A5EU	TCGA-P5-A5EU-01	Anaplastic Astrocytoma	1	21	0.3675	35	Male	NOT HISPANIC OR LATINO	WHITE	Primary	Supratentorial, Frontal Lobe	NO						86	NO
TCGA-P5-A5EZ	TCGA-P5-A5EZ-01	Anaplastic Astrocytoma	1	25	0.1192	39	Male	NOT HISPANIC OR LATINO	WHITE	Primary	Supratentorial, Frontal Lobe			> 20 Years	YES			65	
TCGA-DU-A5TP	TCGA-DU-A5TP-01	Anaplastic Astrocytoma	1	22	0.0269	33	Male	NOT HISPANIC OR LATINO	WHITE	Primary	Supratentorial, Parietal Lobe	YES			NO	NO	6	301	YES
TCGA-DU-A5TR	TCGA-DU-A5TR-01	Oligoastrocytoma	1	33	0.0981	51	Male	NOT HISPANIC OR LATINO	WHITE	Primary	Supratentorial, Temporal Lobe	YES			NO	NO	11	259	YES
TCGA-DU-A5TS	TCGA-DU-A5TS-01	Oligodendroglioma	1	32	0.1499	42	Male	NOT HISPANIC OR LATINO	BLACK OR AFRICAN AMERICAN	Primary	Supratentorial, Frontal Lobe	YES					13	259	YES
TCGA-DU-A5TW	TCGA-DU-A5TW-01	Anaplastic Astrocytoma	1	36	0.1273	33	Female	NOT HISPANIC OR LATINO	BLACK OR AFRICAN AMERICAN	Primary	Supratentorial, Frontal Lobe	NO					53	42	NO
TCGA-DU-A5TY	TCGA-DU-A5TY-01	Anaplastic Astrocytoma	1	41	0.2368	46	Female	NOT HISPANIC OR LATINO	WHITE	Primary	Supratentorial, Parietal Lobe	YES				NO		276	YES
TCGA-FG-8189	TCGA-FG-8189-01	Oligodendroglioma	1	2	0.0000	33	Female	NOT HISPANIC OR LATINO	WHITE	Primary	Supratentorial, Temporal Lobe	YES			NO	YES	83	203	YES
TCGA-FG-A4MU	TCGA-FG-A4MU-01	Oligoastrocytoma	1	55	0.1480	58	Male	NOT HISPANIC OR LATINO	WHITE	Primary	Supratentorial, Temporal Lobe				NO	NO		258	
TCGA-FG-A60J	TCGA-FG-A60J-01	Oligoastrocytoma	1	31	0.0539	47	Female	NOT HISPANIC OR LATINO	WHITE	Primary	Supratentorial, Frontal Lobe	NO			NO	NO	-18	240	NO
TCGA-HT-7477	TCGA-HT-7477-01	Anaplastic Astrocytoma	1	35	0.5555	62	Male	NOT HISPANIC OR LATINO	WHITE	Primary	Supratentorial, Frontal Lobe	YES			NO	NO	24	417	YES
TCGA-HT-A5R5	TCGA-HT-A5R5-01	Oligodendroglioma	1	17	0.0426	33	Female	HISPANIC OR LATINO	WHITE	Primary	Supratentorial, Temporal Lobe							194	
TCGA-HT-A5R7	TCGA-HT-A5R7-01	Anaplastic Astrocytoma	1	15	0.0411	33	Female	NOT HISPANIC OR LATINO	WHITE	Primary	Supratentorial, Parietal Lobe	YES						147	YES
TCGA-P5-A5F0	TCGA-P5-A5F0-01	Oligodendroglioma	1	26	0.1066	33	Male	NOT HISPANIC OR LATINO	WHITE	Primary	Supratentorial, Frontal Lobe	YES				NO		62	YES
TCGA-P5-A5F6	TCGA-P5-A5F6-01	Oligodendroglioma	1		0.9477	26	Male	NOT HISPANIC OR LATINO	WHITE	Primary	Supratentorial, Frontal Lobe							35	
TCGA-DB-A64L	TCGA-DB-A64L-01	Oligodendroglioma	1	58	0.1351	67	Female	NOT HISPANIC OR LATINO	WHITE	Primary	Supratentorial, Frontal Lobe	NO			NO	NO	8	289	NO
TCGA-DB-A64O	TCGA-DB-A64O-01	Oligoastrocytoma	1	19	0.2045	59	Male	NOT HISPANIC OR LATINO	WHITE	Primary	Supratentorial, Temporal Lobe	NO				NO		533	YES
TCGA-DB-A64Q	TCGA-DB-A64Q-01	Oligoastrocytoma	1	15	0.0882	31	Female			Primary	Supratentorial, Frontal Lobe	YES				NO	-3	251	NO
TCGA-DB-A64R	TCGA-DB-A64R-01	Oligodendroglioma	1	13	0.0511	24	Female	HISPANIC OR LATINO		Primary	Supratentorial, Frontal Lobe	NO			YES	NO	-6	436	NO
TCGA-DB-A64S	TCGA-DB-A64S-01	Oligoastrocytoma	1	10	0.0000	20	Male	NOT HISPANIC OR LATINO	WHITE	Primary	Supratentorial, Frontal Lobe	NO			NO	NO	-29	352	NO
TCGA-DB-A64U	TCGA-DB-A64U-01	Oligoastrocytoma	1	7	0.0518	38	Female	NOT HISPANIC OR LATINO	WHITE	Primary	Supratentorial, Frontal Lobe	NO			YES	NO	118	806	NO
TCGA-DB-A64V	TCGA-DB-A64V-01	Oligodendroglioma	1	21	0.0768	54	Male	NOT HISPANIC OR LATINO	WHITE	Primary	Supratentorial, Frontal Lobe	YES				NO	-17	352	NO
TCGA-DB-A64W	TCGA-DB-A64W-01	Oligoastrocytoma	1	38	0.1237	65	Female	NOT HISPANIC OR LATINO	WHITE	Primary	Supratentorial, Frontal Lobe	YES				NO	-20	289	YES
TCGA-DB-A64X	TCGA-DB-A64X-01	Anaplastic Astrocytoma	1	54	0.0653	56	Female	NOT HISPANIC OR LATINO	WHITE	Primary	Supratentorial, Frontal Lobe	YES				NO	-19	247	YES
TCGA-DH-A66B	TCGA-DH-A66B-01	Anaplastic Astrocytoma	1	35	0.2800	52	Male	NOT HISPANIC OR LATINO	WHITE	Primary	Supratentorial, Temporal Lobe	YES				NO	901	845	YES
TCGA-DH-A66F	TCGA-DH-A66F-01	Oligodendroglioma	1	15	0.0511	49	Male	NOT HISPANIC OR LATINO	WHITE	Primary	Supratentorial, Frontal Lobe	NO				NO	18	166	NO
TCGA-HT-A614	TCGA-HT-A614-01	Oligoastrocytoma	1	22	0.0956	47	Male	NOT HISPANIC OR LATINO	WHITE	Primary	Supratentorial, Not Otherwise Specified							78	
TCGA-HT-A615	TCGA-HT-A615-01	Oligodendroglioma	1	30	0.0877	38	Female	NOT HISPANIC OR LATINO	WHITE	Primary	Supratentorial, Temporal Lobe	NO				NO	271	300	YES
TCGA-HT-A617	TCGA-HT-A617-01	Oligodendroglioma	1	15	0.2716	47	Male		AMERICAN INDIAN OR ALASKA NATIVE	Primary	Supratentorial, Not Otherwise Specified					NO	486	961	
TCGA-HT-A618	TCGA-HT-A618-01	Anaplastic Astrocytoma	1	17	0.1657	37	Female	NOT HISPANIC OR LATINO	WHITE	Primary	Supratentorial, Temporal Lobe	YES					62	71	YES
TCGA-HT-A61B	TCGA-HT-A61B-01	Anaplastic Astrocytoma	1	35	0.2562	22	Male	NOT HISPANIC OR LATINO	WHITE	Primary	Supratentorial, Temporal Lobe	YES						101	YES
TCGA-QH-A65S	TCGA-QH-A65S-01	Oligoastrocytoma	1	17	0.1104	32	Female	NOT HISPANIC OR LATINO	WHITE	Primary	Supratentorial, Frontal Lobe	NO			NO	NO	-7	56	NO
TCGA-QH-A65V	TCGA-QH-A65V-01	Oligodendroglioma	1	20	0.0512	43	Female	NOT HISPANIC OR LATINO	WHITE	Primary	Supratentorial, Temporal Lobe	YES			NO	NO	-9	48	NO
TCGA-QH-A65Z	TCGA-QH-A65Z-01	Oligodendroglioma	1	22	0.0848	54	Male	NOT HISPANIC OR LATINO	WHITE	Primary	Supratentorial, Frontal Lobe	YES			NO	NO	-10	19	NO
TCGA-CS-4942	TCGA-CS-4942-01	Anaplastic Astrocytoma	1	19	0.0937	44	Female		BLACK OR AFRICAN AMERICAN	Primary	Supratentorial, Frontal Lobe				NO	NO	-21		
TCGA-CS-4943	TCGA-CS-4943-01	Anaplastic Astrocytoma	1	21	0.1625	37	Male		WHITE	Primary	Supratentorial, Frontal Lobe						9		
TCGA-CS-5390	TCGA-CS-5390-01	Oligodendroglioma	1	30	0.0511	47	Female		WHITE	Primary	Supratentorial, Parietal Lobe					NO	1848		
TCGA-CS-5393	TCGA-CS-5393-01	Anaplastic Astrocytoma	1	21	0.0569	39	Male		WHITE	Primary	Supratentorial, Temporal Lobe					NO	-3		
TCGA-CS-5394	TCGA-CS-5394-01	Anaplastic Astrocytoma	1	20	0.0469	40	Male		WHITE	Primary	Supratentorial, Frontal Lobe				NO	NO	-1		
TCGA-DB-5273	TCGA-DB-5273-01	Anaplastic Astrocytoma	1	11	0.0173	33	Male	NOT HISPANIC OR LATINO	WHITE	Primary	Supratentorial, Frontal Lobe				NO	NO			
TCGA-DB-5274	TCGA-DB-5274-01	Oligoastrocytoma	1	33	0.1993	37	Female	NOT HISPANIC OR LATINO	WHITE	Primary	Supratentorial, Frontal Lobe					NO	12		
TCGA-DB-5275	TCGA-DB-5275-01	Oligoastrocytoma	1	30	0.1438	36	Male	NOT HISPANIC OR LATINO	WHITE	Primary	Supratentorial, Temporal Lobe				NO	NO			
TCGA-DB-5276	TCGA-DB-5276-01	Oligoastrocytoma	1	13	0.0030	32	Male	NOT HISPANIC OR LATINO	WHITE	Primary	Supratentorial, Frontal Lobe					NO			
TCGA-DB-5277	TCGA-DB-5277-01	Anaplastic Astrocytoma	1	31	0.7416	34	Male	NOT HISPANIC OR LATINO	WHITE	Primary	Supratentorial, Frontal Lobe					NO			
TCGA-DB-5278	TCGA-DB-5278-01	Oligodendroglioma	1	7	0.0511	17	Male	NOT HISPANIC OR LATINO	WHITE	Primary	Supratentorial, Frontal Lobe				NO	NO			
TCGA-DB-5279	TCGA-DB-5279-01	Oligodendroglioma	1	34	0.2112	59	Male			Primary	Supratentorial, Frontal Lobe				NO	NO			
TCGA-DB-5280	TCGA-DB-5280-01	Oligoastrocytoma	1	19	0.0285	43	Male	NOT HISPANIC OR LATINO	WHITE	Primary	Supratentorial, Frontal Lobe				NO	NO			
TCGA-DB-5281	TCGA-DB-5281-01	Oligoastrocytoma	1	46	0.3117	61	Male	NOT HISPANIC OR LATINO	WHITE	Primary	Supratentorial, Frontal Lobe				NO	NO			
TCGA-DH-5140	TCGA-DH-5140-01	Oligoastrocytoma	1	21	0.1768	38	Female	NOT HISPANIC OR LATINO	WHITE	Primary	Supratentorial, Temporal Lobe				NO	NO	259		
TCGA-DH-5142	TCGA-DH-5142-01	Anaplastic Astrocytoma	1	26	0.0834	29	Male	NOT HISPANIC OR LATINO	WHITE	Primary	Supratentorial, Frontal Lobe				NO	YES	10		
TCGA-DH-5143	TCGA-DH-5143-01	Oligoastrocytoma	1	24	0.0000	30	Male	NOT HISPANIC OR LATINO	WHITE	Primary	Supratentorial, Temporal Lobe						13		
TCGA-E1-5302	TCGA-E1-5302-01	Anaplastic Astrocytoma	1	25	0.1550	41	Male	NOT HISPANIC OR LATINO	WHITE	Primary	Supratentorial, Frontal Lobe					NO	1254		
TCGA-E1-5303	TCGA-E1-5303-01	Anaplastic Astrocytoma	1	25	0.0262	38	Male	NOT HISPANIC OR LATINO	WHITE	Primary	Supratentorial, Frontal Lobe					NO	582		
TCGA-E1-5304	TCGA-E1-5304-01	Anaplastic Astrocytoma	1	28	0.5510	42	Male	NOT HISPANIC OR LATINO	WHITE	Primary	Supratentorial, Frontal Lobe				NO	NO	160		
TCGA-E1-5318	TCGA-E1-5318-01	Oligodendroglioma	1	31	0.0716	42	Female	NOT HISPANIC OR LATINO	WHITE	Primary	Supratentorial, Frontal Lobe				NO	NO	362		
TCGA-E1-5322	TCGA-E1-5322-01	Oligoastrocytoma	1	19	0.1229	38	Female	NOT HISPANIC OR LATINO	WHITE	Primary	Supratentorial, Temporal Lobe						3305		
